{"Omelette":{"recipe":["Whisk eggs, water, salt and pepper.","Spray 8-inch (20 cm) non-stick skillet with cooking spray. ...","When eggs are almost set on surface but still look moist, cover half of omelette with filling. ...","Cook for a minute, then slide omelette onto plate.","(Nutrients per serving as per without filling) "],"egg":"2.00 pcs","water":"0.03 l","salt":"1.00 pinch"},"Pizza":{"recipe":["Preheat oven to 450 degrees F (230 degrees C).","In a medium bowl, dissolve yeast and sugar in warm water.","Let stand until creamy, about 10 minutes.","Stir in flour, salt and oil. Beat until smooth. Let rest for 5 minutes.","Turn dough out onto a lightly floured surface and pat or roll into a round.","Transfer crust to a lightly greased pizza pan or baker's peel dusted with cornmeal.","Spread with desired toppings and bake in preheated oven for 15 to 20 minutes, or until golden brown.","Let baked pizza cool for 5 minutes before serving.","                "],"flour":"2.5 cups","olive oil":"2.0 tablespoons","active dry yeast":"0.25 ounce"}}